{
  "token_acc":1.0,
  "token_p":1.0,
  "token_r":1.0,
  "token_f":1.0,
  "ents_p":0.7261130972,
  "ents_r":0.679000152,
  "ents_f":0.7017667845,
  "ents_per_type":{
    "test":{
      "p":0.7332694151,
      "r":0.6747838362,
      "f":0.7028119831
    },
    "problem":{
      "p":0.658974359,
      "r":0.6097271649,
      "f":0.6333949476
    },
    "person":{
      "p":0.8431504544,
      "r":0.8098933075,
      "f":0.8261873351
    },
    "treatment":{
      "p":0.653330781,
      "r":0.5975140056,
      "f":0.62417703
    },
    "pronoun":{
      "p":0.8238683128,
      "r":0.8540955631,
      "f":0.8387096774
    }
  },
  "speed":4860.9799590078
}